NumTrees,TrainingTime_ms,MemoryUsage_MB,TrainSamples,TrainingThroughput_samples_per_sec,PredictionTime_ms,TestSamples,FeaturesPerTree,PredictionThroughput_samples_per_sec,Accuracy,F1Score,Precision,Recall
36,837.17,0,2000,23898.51045,1000,17,117503,0.722,0.714696,0.727467,0.7143
50,2596.52,3,2000,770.2624.37569,1000,17,228535,0.717,0.710397,0.720762,0.709909
100,2169.76,8,2000,921.766.2876,1000,17,159043,0.723,0.716537,0.727104,0.715938
150,1888.94,11,2000,1058.796.95853,1000,17,143709,0.739,0.732231,0.745414,0.731454
200,2577.02,15,2000,776.0918.42096,1000,17,118751,0.738,0.731292,0.744166,0.73052
