NumTrees,TrainingTime_ms,PredictionTime_ms,Accuracy,MemoryUsage_MB,SamplesPerTree,FeaturesPerTree,TrainingThroughput_samples_per_sec,PredictionThroughput_samples_per_sec,F1Score,Precision,Recall
36,669.41,5.70529,0.719,12,2000,17,2987.7,175276,0.711899,0.723783,0.711496
50,900.902,7.06472,0.729,7,2000,17,2220,141548,0.721603,0.735472,0.721124
100,1628.01,9.93626,0.723,16,2000,17,1228.49,100641,0.71544,0.729051,0.715094
150,2504.61,13.1782,0.729,15,2000,17,798.526,75883,0.721032,0.736615,0.720701
200,3450.76,18.7967,0.732,14,2000,17,579.582,53200.8,0.724406,0.739253,0.723927
