NumTrees,TrainingTime_ms,PredictionTime_ms,Accuracy,MemoryUsage_MB,SamplesPerTree,FeaturesPerTree,TrainingThroughput_samples_per_sec,PredictionThroughput_samples_per_sec,F1Score,Precision,Recall
36,1996.55,344.445,0.73941,57,20000,17,10017.3,580645,0.723729,0.763135,0.724405
50,1473.95,252.03,0.743175,89,20000,17,13569,793557,0.727401,0.768507,0.727999
100,2465.1,530.987,0.74895,376,20000,17,8113.27,376657,0.733418,0.775703,0.733746
150,3233.74,690.932,0.751,429,20000,17,6184.78,289464,0.735128,0.779612,0.735519
200,4103.46,980.837,0.750515,457,20000,17,4873.93,203907,0.734332,0.779925,0.734858
