NumTrees,TrainingTime_ms,PredictionTime_ms,Accuracy,MemoryUsage_MB,SamplesPerTree,FeaturesPerTree,TrainingThroughput_samples_per_sec,PredictionThroughput_samples_per_sec,F1Score,Precision,Recall
10,874.612,5.94227,0.7,1,400,17,457.346,16828.6,0.689955,0.693989,0.68829
50,1964.39,45.1002,0.65,2,400,17,203.625,2217.29,0.633853,0.641493,0.633007
100,5110.49,64.0353,0.68,2,400,17,78.2703,1561.64,0.669285,0.672972,0.667891
