NumTrees,TrainingTime_ms,PredictionTime_ms,Accuracy,MemoryUsage_MB,SamplesPerTree,FeaturesPerTree,TrainingThroughput_samples_per_sec,PredictionThroughput_samples_per_sec,F1Score,Precision,Recall
36,874.419,2.93568,0.732,42,2000,17,2287.23,340637,0.724959,0.738133,0.724349
50,1252.52,4.47696,0.74,6,2000,17,1596.79,223366,0.732632,0.747843,0.731967
100,2152.66,8.62871,0.735,10,2000,17,929.085,115892,0.728127,0.741152,0.727434
150,2078.93,5.63519,0.74,9,2000,17,962.035,177456,0.732993,0.747049,0.732248
200,2782.9,8.08238,0.735,9,2000,17,718.674,123726,0.728648,0.740113,0.727856
