NumTrees,TrainingTime_ms,PredictionTime_ms,Accuracy,MemoryUsage_MB,SamplesPerTree,FeaturesPerTree,TrainingThroughput_samples_per_sec,PredictionThroughput_samples_per_sec,F1Score,Precision,Recall
36,1845.31,8.81522,0.732,61,2000,17,1083.83,113440,0.724959,0.738133,0.724349
50,2591.15,11.9061,0.74,7,2000,17,771.857,83990.5,0.732632,0.747843,0.731967
100,4120.06,3.29104,0.735,12,2000,17,485.43,303855,0.728127,0.741152,0.727434
150,6634.98,14.8566,0.74,7,2000,17,301.432,67310.1,0.732993,0.747049,0.732248
200,9303.27,19.0151,0.735,7,2000,17,214.978,52589.8,0.728648,0.740113,0.727856
