NumTrees,TrainingTime_ms,PredictionTime_ms,Accuracy,MemoryUsage_MB,SamplesPerTree,FeaturesPerTree,TrainingThroughput_samples_per_sec,PredictionThroughput_samples_per_sec,F1Score,Precision,Recall
36,1103.31,8.97637,0.732,2,2000,17,1812.73,111404,0.724959,0.738133,0.724349
50,1105.6,9.12547,0.74,4,2000,17,1808.98,109583,0.732632,0.747843,0.731967
100,1468.86,6.43244,0.735,2,2000,17,1361.6,155462,0.728127,0.741152,0.727434
150,1846.28,8.57387,0.74,5,2000,17,1083.26,116633,0.732993,0.747049,0.732248
200,2509.63,9.3063,0.735,4,2000,17,796.931,107454,0.728648,0.740113,0.727856
