NumTrees,TrainingTime_ms,PredictionTime_ms,Accuracy,MemoryUsage_MB,SamplesPerTree,FeaturesPerTree,TrainingThroughput_samples_per_sec,PredictionThroughput_samples_per_sec,F1Score,Precision,Recall
36,76699.7,4253.52,0.72667,44,20000,17,260.757,47019.9,0.718205,0.731413,0.717124
50,63510.3,4805.97,0.72656,10,20000,17,314.91,41614.9,0.718319,0.730917,0.717207
100,135391,6762.13,0.72793,32,20000,17,147.72,29576.5,0.719789,0.732286,0.718639
150,173939,9373.16,0.727745,36,20000,17,114.983,21337.5,0.719503,0.732247,0.71837
200,242214,14435.1,0.72763,36,20000,17,82.5717,13855.1,0.719403,0.732093,0.71827
