NumTrees,TrainingTime_ms,PredictionTime_ms,Accuracy,MemoryUsage_MB,SamplesPerTree,FeaturesPerTree,TrainingThroughput_samples_per_sec,PredictionThroughput_samples_per_sec,F1Score,Precision,Recall
36,596.35,4.24635,0.732,2,2000,17,3353.74,235496,0.724959,0.738133,0.724349
50,632.063,4.18145,0.74,3,2000,17,3164.24,239151,0.732632,0.747843,0.731967
100,1196.6,5.632,0.735,2,2000,17,1671.41,177557,0.728127,0.741152,0.727434
150,1611.51,6.45965,0.74,5,2000,17,1241.07,154807,0.732993,0.747049,0.732248
200,2192.12,8.90296,0.735,4,2000,17,912.36,112322,0.728648,0.740113,0.727856
